Date,Time,temp,humidity,pressure,light,rain,wind

2025-04-14,01:00,7.2,71.5,984.9,0.8,1020,0.0
2025-04-14,02:00,7.8,73.8,984.2,0.8,880,0.0
2025-04-14,03:00,7.1,74.5,984.1,0.8,500,0.0
2025-04-14,04:00,6.4,76.6,983.8,0.8,1020,0.0
2025-04-14,05:00,6.0,77.9,983.7,0.8,1020,0.0
2025-04-14,06:00,5.3,78.6,983.5,4.2,1020,0.0
2025-04-14,07:00,6.6,75.1,983.6,920.8,1020,0.0
2025-04-14,08:00,7.8,71.1,983.2,2532.5,1020,0.0
2025-04-14,09:00,10.1,64.9,983.0,6688.3,1020,0.0
2025-04-14,10:00,12.1,58.1,982.8,23371.7,1020,0.0
2025-04-14,11:00,14.6,51.6,982.5,33353.3,1020,0.0
2025-04-14,12:00,13.5,51.8,982.7,22250.0,1010,0.0
2025-04-14,13:00,16.8,49.1,982.5,54612.5,1020,0.0
2025-04-14,14:00,15.0,46.8,982.3,20991.7,1020,0.0
2025-04-14,15:00,19.4,43.8,981.9,46668.3,1020,0.0
2025-04-14,16:00,17.2,45.5,981.7,33395.8,1020,0.0
2025-04-14,17:00,20.4,40.6,981.7,11490.8,1020,0.0
2025-04-14,18:00,13.8,53.5,981.7,6465.0,1020,0.0
2025-04-14,19:00,12.8,54.1,982.0,5805.0,1020,0.0
2025-04-14,20:00,9.0,63.1,982.5,455.0,1020,0.0
2025-04-14,21:00,8.1,66.1,982.8,1.7,1020,0.0
2025-04-14,22:00,7.9,67.5,983.0,0.8,1020,0.0
2025-04-14,23:00,9.0,64.4,983.1,0.8,1020,0.0
2025-04-15,01:00,7.9,65.0,983.2,0.8,1020,0.0
2025-04-15,02:00,7.3,67.1,983.2,0.8,1020,0.0
2025-04-15,03:00,6.8,67.1,983.3,0.8,1020,0.0
2025-04-15,04:00,6.2,69.0,983.6,0.8,1020,0.0
2025-04-15,05:00,5.4,72.3,983.3,0.8,1020,0.0
2025-04-15,06:00,5.6,72.4,983.3,5.0,1020,0.0
2025-04-15,07:00,6.0,73.0,983.6,1052.5,1020,0.0
2025-04-15,08:00,6.1,73.4,984.1,6106.7,1020,0.0
2025-04-15,09:00,6.3,72.2,984.5,5384.2,1020,0.0
2025-04-15,10:00,8.4,65.7,984.8,18668.3,1020,0.0
2025-04-15,11:00,10.3,60.1,984.7,26182.5,1020,0.0
2025-04-15,12:00,11.7,55.0,984.7,20515.0,1020,0.0
2025-04-15,13:00,11.4,54.7,984.7,21095.8,1020,0.0
2025-04-15,14:00,11.5,53.6,984.8,13961.7,1020,0.0
2025-04-15,15:00,12.5,51.2,984.9,17968.3,1020,0.0
2025-04-15,16:00,12.1,50.3,984.6,10885.0,1020,0.0
2025-04-15,17:00,11.8,52.3,984.7,6966.7,1020,0.0
2025-04-15,18:00,8.2,68.6,985.0,4525.0,590,0.0
2025-04-15,19:00,9.1,64.1,984.9,1847.5,640,0.0
2025-04-15,20:00,8.4,69.2,985.1,288.3,600,0.0
2025-04-15,21:00,8.0,60.9,985.3,0.8,1020,0.0
2025-04-15,22:00,7.1,61.3,985.4,0.8,850,0.0
2025-04-15,23:00,6.2,68.6,985.9,0.8,580,0.0
2025-04-16,01:00,4.5,81.5,985.4,0.8,790,0.0
2025-04-16,02:00,4.3,84.1,984.7,0.8,450,0.0
2025-04-16,03:00,3.8,87.6,984.4,0.8,550,0.0
2025-04-16,04:00,3.5,89.1,984.1,0.8,700,0.0
2025-04-16,05:00,2.9,92.2,983.6,0.8,760,0.0
2025-04-16,06:00,1.9,93.3,982.9,1.7,870,0.0
2025-04-16,07:00,3.2,94.3,982.8,517.5,790,0.0
2025-04-16,08:00,3.6,94.0,982.7,911.7,810,0.0
2025-04-16,09:00,3.9,95.2,982.3,2468.3,880,0.0
2025-04-16,10:00,4.4,95.0,982.8,2380.8,850,0.0
2025-04-16,11:00,5.6,94.5,983.1,8480.8,780,0.0
2025-04-16,12:00,5.6,95.0,983.4,5720.0,760,0.0
2025-04-16,13:00,6.1,93.6,984.2,7075.0,630,0.0
2025-04-16,14:00,6.1,93.5,985.5,6220.0,650,0.0
2025-04-16,15:00,6.5,88.3,986.3,13155.0,900,0.0
2025-04-16,16:00,6.9,89.7,986.9,12631.7,560,0.0
2025-04-16,17:00,6.5,90.5,987.6,7068.3,620,0.0
2025-04-16,18:00,6.8,87.0,988.6,7893.3,980,0.0
2025-04-16,19:00,6.8,85.5,989.6,6421.7,1020,0.0
2025-04-16,20:00,6.4,86.3,990.4,909.2,720,0.0
2025-04-16,21:00,5.8,83.7,991.7,2.5,330,0.0
2025-04-16,22:00,5.1,85.7,992.2,0.8,400,0.0
2025-04-16,23:00,4.6,85.1,992.4,0.8,440,0.0
2025-04-17,01:00,3.5,86.0,994.2,0.8,1020,0.0
2025-04-17,02:00,3.2,88.2,994.5,0.8,1020,0.0
2025-04-17,03:00,3.4,87.8,994.8,0.8,1020,0.0
2025-04-17,04:00,3.3,87.5,994.8,0.8,1020,0.0
2025-04-17,05:00,2.2,90.3,995.0,0.8,1020,0.0
2025-04-17,06:00,1.3,90.7,995.2,10.8,1020,0.0
2025-04-17,07:00,1.9,87.3,995.3,1140.0,1020,0.0
2025-04-17,08:00,5.1,81.9,995.8,2819.2,1020,0.0
2025-04-17,09:00,7.8,74.5,996.3,3253.3,1020,0.0
2025-04-17,10:00,13.3,53.1,996.3,35580.8,1020,0.0
2025-04-17,11:00,15.1,53.0,996.5,54612.5,1020,0.0
2025-04-17,12:00,14.1,59.8,996.6,11342.5,1020,0.0
2025-04-17,13:00,16.9,51.5,996.4,54612.5,1020,0.0
2025-04-17,14:00,14.4,51.5,996.4,53175.0,1020,0.0
2025-04-17,15:00,13.0,55.6,996.1,22666.7,1010,0.0
2025-04-17,16:00,12.6,53.4,995.8,17526.7,1020,0.0
2025-04-17,17:00,11.1,62.5,996.0,8711.7,1020,0.0
2025-04-17,18:00,10.7,66.5,996.0,6700.8,1020,0.0
2025-04-17,19:00,9.0,68.8,995.9,3075.8,1020,0.0
2025-04-17,20:00,8.7,70.2,996.3,1450.8,1020,0.0
2025-04-17,21:00,7.4,70.7,996.5,4.2,1020,0.0
2025-04-17,22:00,5.5,78.9,996.9,0.8,1020,0.0
2025-04-17,23:00,6.3,80.5,996.7,0.8,1020,0.0
2025-04-18,01:00,6.9,85.7,995.7,0.8,790,0.0
2025-04-18,02:00,6.7,90.0,995.2,0.8,610,0.0
2025-04-18,03:00,6.7,91.2,994.6,0.8,220,0.0
2025-04-18,04:00,6.7,92.6,993.8,0.8,200,0.0
2025-04-18,05:00,7.3,92.0,993.0,0.8,190,0.0
2025-04-18,06:00,7.3,94.2,992.5,5.8,230,0.0
2025-04-18,07:00,7.3,94.6,992.0,305.0,230,0.0
2025-04-18,08:00,7.1,95.1,991.9,464.2,340,0.0
2025-04-18,09:00,6.8,92.9,991.6,2070.8,520,0.0
2025-04-18,10:00,6.9,94.6,991.0,3354.2,490,0.0
2025-04-18,11:00,7.2,95.1,990.8,2393.3,470,0.0
2025-04-18,12:00,7.9,94.7,990.2,4783.3,440,0.0
2025-04-18,13:00,9.4,91.8,989.7,11095.8,410,0.0
2025-04-18,14:00,9.4,90.6,989.4,11432.5,440,0.0
2025-04-18,15:00,8.5,91.4,988.9,9492.5,400,0.0
2025-04-18,16:00,8.6,92.4,988.9,3760.0,430,0.0
2025-04-18,17:00,8.2,94.7,988.4,1964.2,370,0.0
2025-04-18,18:00,8.8,92.8,988.5,4608.3,360,0.0
2025-04-18,19:00,8.9,92.9,988.6,4223.3,610,0.0
2025-04-18,20:00,8.1,94.8,988.8,197.5,470,0.0
2025-04-18,21:00,8.4,95.1,989.2,1.7,450,0.0
2025-04-18,22:00,8.4,95.7,989.6,0.8,560,0.0
2025-04-18,23:00,8.3,93.9,989.3,0.8,520,0.0
2025-04-19,01:00,8.5,93.8,990.0,0.8,640,0.0
2025-04-19,02:00,8.3,96.2,990.3,0.8,620,0.0
2025-04-19,03:00,8.5,96.6,990.7,0.8,540,0.0
2025-04-19,04:00,8.5,96.8,990.7,0.8,560,0.0
2025-04-19,05:00,8.6,97.4,991.0,0.8,570,0.0
2025-04-19,06:00,8.6,97.5,991.3,6.7,600,0.0
2025-04-19,07:00,8.6,95.9,991.9,530.0,550,0.0
2025-04-19,08:00,8.5,95.2,992.5,1222.5,500,0.0
2025-04-19,09:00,8.3,94.8,993.0,1862.5,530,0.0
2025-04-19,10:00,8.5,95.1,993.6,3862.5,450,0.0
2025-04-19,11:00,8.6,94.2,993.7,3184.2,460,0.0
2025-04-19,12:00,8.7,94.3,994.3,5221.7,500,0.0
2025-04-19,13:00,9.4,93.1,994.3,10025.0,400,0.0
2025-04-19,14:00,9.2,94.4,995.0,2871.7,430,0.0
2025-04-19,15:00,9.2,93.9,994.8,4095.0,440,0.0
2025-04-19,16:00,9.9,93.0,994.7,7730.8,470,0.0
2025-04-19,17:00,10.0,92.4,994.8,4584.2,580,0.0
2025-04-19,18:00,9.7,93.0,994.6,3369.2,660,0.0
2025-04-19,19:00,10.6,90.5,994.9,3849.2,750,0.0
2025-04-19,20:00,9.6,92.0,994.8,672.5,1010,0.0
2025-04-19,21:00,9.0,94.2,995.1,5.0,1010,0.0
2025-04-19,22:00,8.9,94.1,995.2,0.8,1020,0.0
2025-04-19,23:00,8.9,93.9,995.0,0.8,1020,0.0
2025-04-20,01:00,9.0,90.9,994.8,0.8,1020,0.0
2025-04-20,02:00,8.7,92.6,994.0,0.8,1020,0.0
2025-04-20,03:00,8.8,88.2,993.8,0.8,1020,0.0
2025-04-20,04:00,8.7,88.7,993.3,0.8,1020,0.0
2025-04-20,05:00,8.8,90.0,993.0,0.8,1010,0.0
2025-04-20,06:00,8.4,94.1,993.0,7.5,320,0.0
2025-04-20,07:00,8.7,94.4,992.9,604.2,220,0.0
2025-04-20,08:00,9.1,89.6,993.0,4128.3,200,0.0
2025-04-20,09:00,10.4,88.3,992.9,5119.2,200,0.0
2025-04-20,10:00,11.3,86.1,993.2,8898.3,240,0.0
2025-04-20,11:00,12.9,83.4,992.8,15623.3,240,0.0
2025-04-20,12:00,14.7,73.6,992.7,19489.2,350,0.0
2025-04-20,13:00,14.5,74.8,992.5,9583.3,510,0.0
2025-04-20,14:00,13.8,77.7,992.3,11060.8,580,0.0
2025-04-20,15:00,12.6,72.3,991.9,11776.7,330,0.0
2025-04-20,16:00,14.1,66.4,991.5,7560.0,290,0.0
2025-04-20,17:00,13.7,66.9,991.0,11887.5,790,0.0
2025-04-20,18:00,12.1,69.8,990.9,4868.3,850,0.0
2025-04-20,19:00,11.0,71.5,990.8,1986.7,1020,0.0
2025-04-20,20:00,9.6,67.3,990.8,554.2,1020,0.0
2025-04-20,21:00,8.9,67.3,990.8,4.2,1020,0.0
2025-04-20,22:00,8.9,69.0,990.8,0.8,1020,0.0
2025-04-20,23:00,8.7,69.9,990.6,0.8,1020,0.0
2025-04-21,01:00,8.5,83.7,990.5,0.8,300,0.0
2025-04-21,02:00,9.0,84.6,990.4,0.8,300,0.0
2025-04-21,03:00,8.3,88.6,990.4,0.8,260,0.0
2025-04-21,04:00,7.3,89.5,990.3,0.8,320,0.0
2025-04-21,05:00,7.5,87.3,990.5,0.8,280,0.0
2025-04-21,06:00,7.4,88.6,990.7,12.5,320,0.0
2025-04-21,07:00,7.6,89.3,990.9,881.7,320,0.0
2025-04-21,08:00,8.6,88.2,991.5,6977.5,380,0.0
2025-04-21,09:00,9.4,86.2,992.0,7226.7,380,0.0
2025-04-21,10:00,11.2,77.8,992.7,6435.8,520,0.0
2025-04-21,11:00,13.1,70.9,993.2,11886.7,1020,0.0
2025-04-21,12:00,10.9,80.3,993.8,18934.2,600,0.0
2025-04-21,13:00,12.4,86.6,994.2,54612.5,630,0.0
2025-04-21,14:00,17.0,57.8,994.2,54612.5,1020,0.0
2025-04-21,15:00,11.9,69.4,995.0,54612.5,400,0.0
2025-04-21,16:00,18.4,60.0,995.1,44510.8,460,0.0
2025-04-21,17:00,14.7,57.7,995.5,12136.7,460,0.0
2025-04-21,18:00,13.2,56.7,995.7,4140.0,490,0.0
2025-04-21,19:00,12.2,60.2,996.3,2844.2,480,0.0
2025-04-21,20:00,10.8,63.2,997.0,1161.7,490,0.0
2025-04-21,21:00,9.5,70.1,997.9,10.0,500,0.0
2025-04-21,22:00,8.0,75.1,998.4,0.8,510,0.0
2025-04-21,23:00,7.4,79.0,998.8,0.8,480,0.0
2025-04-22,01:00,7.0,80.6,999.4,0.8,480,0.0
2025-04-22,02:00,7.1,80.4,999.2,0.8,490,0.0
2025-04-22,03:00,6.1,83.5,999.1,0.8,500,0.0
2025-04-22,04:00,5.7,84.4,999.1,0.8,480,0.0
2025-04-22,05:00,5.0,85.3,998.8,0.8,490,0.0
2025-04-22,06:00,5.0,83.7,998.7,58.3,500,0.0
2025-04-22,07:00,6.0,83.1,998.9,2665.8,510,0.0
2025-04-22,08:00,8.2,74.9,999.0,3400.0,480,0.0
2025-04-22,09:00,14.0,63.3,998.8,14852.5,480,0.0
2025-04-22,10:00,13.5,61.5,998.4,20012.5,490,0.0
2025-04-22,11:00,14.8,59.6,998.2,21466.7,490,0.0
2025-04-22,12:00,16.0,57.3,997.4,18700.8,480,0.0
2025-04-22,13:00,17.3,53.7,996.4,30390.0,480,0.0
2025-04-22,14:00,14.6,58.8,995.8,17346.7,470,0.0
2025-04-22,15:00,13.5,65.1,994.9,16496.7,480,0.0
2025-04-22,16:00,12.7,69.5,994.1,9574.2,490,0.0
2025-04-22,17:00,10.3,84.1,992.8,3160.8,370,0.0
2025-04-22,18:00,9.9,89.8,991.8,2044.2,410,0.0
2025-04-22,19:00,9.6,93.2,990.1,925.8,510,0.0
2025-04-22,20:00,9.6,92.9,989.5,650.8,520,0.0
2025-04-22,21:00,9.4,94.4,989.2,12.5,460,0.0
2025-04-22,22:00,8.8,91.8,989.9,0.8,420,0.0
2025-04-22,23:00,8.5,88.4,990.4,0.8,1000,0.0
2025-04-23,01:00,7.8,91.8,991.1,0.8,990,0.0
2025-04-23,02:00,8.3,91.6,991.3,0.8,1000,0.0
2025-04-23,03:00,8.3,93.6,992.2,0.8,500,0.0
2025-04-23,04:00,8.0,95.9,992.6,0.8,380,0.0
2025-04-23,05:00,7.7,97.7,992.8,0.8,390,0.0
2025-04-23,06:00,8.0,97.5,993.9,31.7,470,0.0
2025-04-23,07:00,8.5,96.5,995.2,644.2,590,0.0
2025-04-23,08:00,9.3,95.2,996.6,2979.2,910,0.0
2025-04-23,09:00,10.7,90.5,997.4,8358.3,850,0.0
2025-04-23,10:00,9.7,91.2,998.6,7644.2,990,0.0
2025-04-23,11:00,9.2,89.3,999.9,4618.3,1010,0.0
2025-04-23,12:00,10.4,84.6,1000.6,8894.2,1020,0.0
2025-04-23,13:00,10.3,85.3,1001.2,12382.5,1020,0.0
2025-04-23,14:00,11.5,80.9,1001.7,14399.2,1020,0.0
2025-04-23,15:00,11.4,82.4,1002.3,7175.8,1020,0.0
2025-04-23,16:00,12.9,76.4,1002.7,13554.2,1020,0.0
2025-04-23,17:00,13.3,75.7,1003.0,10724.2,1020,0.0
2025-04-23,18:00,13.1,75.1,1003.4,8383.3,1020,0.0
2025-04-23,19:00,12.1,79.5,1003.2,3860.0,1020,0.0
2025-04-23,20:00,9.6,87.8,1004.0,1360.0,1020,0.0
2025-04-23,21:00,7.8,91.8,1004.9,18.3,1000,0.0
2025-04-23,22:00,6.5,93.3,1005.5,0.8,1000,0.0
2025-04-23,23:00,6.0,93.4,1005.9,0.8,990,0.0
2025-04-24,01:00,5.8,92.0,1005.9,0.8,980,0.0
2025-04-24,02:00,6.3,91.1,1005.8,0.8,970,0.0
2025-04-24,03:00,7.5,86.7,1005.8,0.8,970,0.0
2025-04-24,04:00,6.8,88.9,1005.6,0.8,980,0.0
2025-04-24,05:00,6.7,90.3,1005.8,0.8,980,0.0
2025-04-24,06:00,6.9,91.1,1005.6,115.0,980,0.0
2025-04-24,07:00,7.8,90.3,1005.9,2166.7,990,0.0
2025-04-24,08:00,12.3,77.6,1006.2,6291.7,990,0.0
2025-04-24,09:00,13.0,76.7,1006.4,4618.3,990,0.0
2025-04-24,10:00,15.7,65.9,1006.5,34300.0,990,0.0
2025-04-24,11:00,19.3,56.7,1006.6,47545.8,990,0.0
2025-04-24,12:00,20.7,55.7,1006.5,53298.3,1000,0.0
2025-04-24,13:00,20.8,50.2,1006.6,54612.5,1000,0.0
2025-04-24,14:00,20.2,51.8,1006.0,51213.3,1000,0.0
2025-04-24,15:00,20.7,51.9,1005.9,46400.0,1000,0.0
2025-04-24,16:00,18.0,57.4,1005.2,28843.3,1000,0.0
2025-04-24,17:00,15.7,62.9,1004.9,16167.5,1000,0.0
2025-04-24,18:00,13.7,70.0,1004.9,10748.3,1000,0.0
2025-04-24,19:00,12.8,74.1,1005.1,2885.0,1000,0.0
2025-04-24,20:00,12.0,76.2,1005.0,675.8,1000,0.0
2025-04-24,21:00,11.5,78.0,1005.1,22.5,1020,0.0
2025-04-24,22:00,11.0,81.8,1005.2,0.8,1020,0.0
2025-04-24,23:00,11.0,83.6,1005.3,0.8,1020,0.0
2025-04-25,01:00,10.2,86.2,1005.1,0.8,1020,0.0
2025-04-25,02:00,10.3,84.3,1004.8,0.8,1010,0.0
2025-04-25,03:00,9.6,91.3,1004.4,0.8,430,0.0
2025-04-25,04:00,9.0,92.0,1003.9,0.8,550,0.0
2025-04-25,05:00,8.6,91.7,1003.8,0.8,590,0.0
2025-04-25,06:00,8.7,91.4,1003.6,27.5,650,0.0
2025-04-25,07:00,8.9,90.3,1003.5,663.3,650,0.0
2025-04-25,08:00,9.7,88.8,1003.3,4357.5,650,0.0
2025-04-25,09:00,10.2,86.7,1004.1,7887.5,770,0.0
2025-04-25,10:00,10.5,86.6,1004.1,5719.2,800,0.0
2025-04-25,11:00,10.8,86.7,1003.9,4780.8,820,0.0
2025-04-25,12:00,11.4,83.6,1003.9,5350.0,820,0.0
2025-04-25,13:00,13.1,79.6,1003.5,18622.5,830,0.03
2025-04-25,14:00,14.4,76.4,1003.5,19936.7,860,0.0
2025-04-25,15:00,14.2,75.8,1003.5,14302.5,880,0.0
2025-04-25,16:00,15.7,71.9,1003.6,28530.0,880,0.0
2025-04-25,17:00,17.1,68.8,1003.3,24330.0,870,0.0
2025-04-25,18:00,15.7,73.1,1003.0,16190.8,880,0.0
2025-04-25,19:00,13.4,79.3,1003.1,7041.7,900,0.0
2025-04-25,20:00,12.0,82.1,1003.4,870.8,910,0.0
2025-04-25,21:00,11.3,83.4,1003.8,24.2,670,0.0
2025-04-25,22:00,10.5,88.8,1004.3,0.8,240,0.0
2025-04-25,23:00,10.5,88.9,1004.3,0.8,220,0.0
2025-04-26,01:00,10.5,91.7,1004.5,0.8,230,0.0
2025-04-26,02:00,10.3,94.9,1004.5,0.8,230,0.0
2025-04-26,03:00,10.3,95.8,1004.4,0.8,250,0.0
2025-04-26,04:00,10.1,96.2,1004.3,0.8,270,0.0
2025-04-26,05:00,10.2,95.3,1004.4,0.8,270,0.0
2025-04-26,06:00,10.3,95.6,1004.7,35.0,340,0.0
2025-04-26,07:00,10.5,95.1,1005.2,1040.0,320,0.0
2025-04-26,08:00,11.7,91.9,1005.5,4676.7,370,0.0
2025-04-26,09:00,13.3,84.0,1005.7,11783.3,380,0.0
2025-04-26,10:00,18.3,71.5,1006.0,41893.3,400,0.0
2025-04-26,11:00,16.5,73.7,1006.5,38665.0,410,0.0
2025-04-26,12:00,19.3,62.0,1006.4,54430.8,430,0.0
2025-04-26,13:00,20.8,53.0,1006.3,54612.5,440,0.0
2025-04-26,14:00,20.9,54.6,1006.5,30401.7,440,0.0
2025-04-26,15:00,22.2,46.5,1006.4,54049.2,440,0.0
2025-04-26,16:00,25.4,43.4,1005.9,42578.3,420,0.0
2025-04-26,17:00,22.7,48.7,1006.0,31341.7,430,0.0
2025-04-26,18:00,18.1,53.6,1005.8,5905.8,420,0.0
2025-04-26,19:00,15.3,59.9,1006.1,2415.0,430,0.0
2025-04-26,20:00,13.3,64.5,1006.3,1282.5,430,0.0
2025-04-26,21:00,11.7,73.9,1006.6,41.7,440,0.0
2025-04-26,22:00,10.9,76.6,1006.2,0.8,450,0.03
2025-04-26,23:00,10.6,78.8,1005.9,0.8,440,0.03
2025-04-27,01:00,11.0,77.0,1005.9,0.8,450,0.0
2025-04-27,02:00,10.8,81.6,1006.2,0.8,450,0.0
2025-04-27,03:00,11.4,84.8,1005.5,0.8,500,0.03
2025-04-27,04:00,11.6,86.8,1005.4,0.8,490,0.08
2025-04-27,05:00,11.8,86.4,1005.4,0.8,480,0.06
2025-04-27,06:00,11.9,86.3,1005.5,106.7,480,0.0
2025-04-27,07:00,12.1,85.7,1006.2,2475.0,480,0.03
2025-04-27,08:00,13.4,80.7,1006.5,8143.3,460,0.0
2025-04-27,09:00,14.1,80.0,1007.0,9063.3,500,0.0
2025-04-27,10:00,15.3,74.6,1007.3,28990.0,500,0.0
2025-04-27,11:00,18.6,65.8,1007.6,39755.0,470,0.03
2025-04-27,12:00,19.8,60.9,1007.5,54612.5,490,0.03
2025-04-27,13:00,19.1,61.8,1007.4,22848.3,480,0.0
2025-04-27,14:00,20.6,58.8,1007.5,41691.7,500,0.0
2025-04-27,15:00,20.5,53.2,1007.5,30783.3,500,0.08
2025-04-27,16:00,21.2,52.2,1007.5,14818.3,500,0.06
2025-04-27,17:00,21.1,53.6,1007.2,13849.2,510,0.0
2025-04-27,18:00,18.2,59.9,1007.4,5915.8,500,0.0
2025-04-27,19:00,15.4,69.6,1007.6,5035.8,500,0.0
2025-04-27,20:00,14.1,72.8,1007.6,2138.3,500,0.0
2025-04-27,21:00,13.0,76.7,1007.9,46.7,460,0.0
2025-04-27,22:00,12.1,79.2,1008.4,0.8,480,0.0
2025-04-27,23:00,12.2,78.1,1008.8,0.8,480,0.0
2025-04-28,01:00,12.0,82.9,1008.6,0.8,490,0.0
2025-04-28,02:00,12.0,82.5,1008.4,0.8,490,0.0
2025-04-28,03:00,12.0,83.7,1008.6,0.8,480,0.0
2025-04-28,04:00,11.8,84.6,1008.7,0.8,480,0.03
2025-04-28,05:00,11.8,82.9,1008.6,0.8,480,0.0
2025-04-28,06:00,11.7,82.8,1009.4,100.8,490,0.0
2025-04-28,07:00,12.2,81.9,1009.7,3949.2,480,0.0
2025-04-28,08:00,14.2,74.8,1010.2,9105.8,500,0.0
2025-04-28,09:00,17.5,66.5,1010.4,11376.7,500,0.0
2025-04-28,10:00,19.0,59.7,1010.7,25086.7,560,0.0
2025-04-28,11:00,22.5,57.0,1010.7,44196.7,550,0.0
2025-04-28,12:00,22.8,51.7,1010.7,45960.8,570,0.0
2025-04-28,13:00,21.7,55.6,1010.5,47392.5,560,0.0
2025-04-28,14:00,27.6,44.7,1010.6,41271.7,570,0.0
2025-04-28,15:00,25.3,46.2,1010.5,37335.0,590,0.0
2025-04-28,16:00,24.3,43.6,1010.3,28900.0,590,0.0
2025-04-28,17:00,22.8,43.8,1010.2,21375.8,560,0.0
2025-04-28,18:00,19.7,54.7,1010.1,10068.3,530,0.0
2025-04-28,19:00,18.5,58.1,1010.1,6309.2,540,0.0
2025-04-28,20:00,16.7,63.0,1010.3,2187.5,530,0.0
2025-04-28,21:00,14.4,68.0,1010.6,55.0,550,0.0
2025-04-28,22:00,13.2,69.2,1011.0,0.8,550,0.0
2025-04-28,23:00,11.9,71.9,1011.0,0.8,560,0.0
2025-04-29,01:00,11.2,68.3,1011.3,0.8,570,0.0
2025-04-29,02:00,9.8,74.0,1011.3,0.8,550,0.0
2025-04-29,03:00,9.6,77.3,1011.0,0.8,540,0.0
2025-04-29,04:00,9.3,80.2,1011.0,0.8,540,0.0
2025-04-29,05:00,8.7,81.4,1011.0,0.8,540,0.0
2025-04-29,06:00,10.3,75.1,1010.8,231.7,540,0.0
2025-04-29,07:00,12.3,72.2,1010.9,3840.0,550,0.0
2025-04-29,08:00,14.9,66.1,1011.1,5757.5,530,0.0
2025-04-29,09:00,15.5,66.7,1011.1,8627.5,540,0.0
2025-04-29,10:00,24.2,47.0,1010.7,31819.2,540,0.0
2025-04-29,11:00,25.0,46.6,1010.7,40728.3,570,0.0
2025-04-29,12:00,24.3,48.8,1010.4,39653.3,610,0.0
2025-04-29,13:00,26.0,43.2,1010.1,50611.7,600,0.0
2025-04-29,14:00,27.6,32.7,1009.6,52789.2,590,0.0
2025-04-29,15:00,31.7,32.5,1009.3,54612.5,580,0.0
2025-04-29,16:00,34.1,25.6,1008.8,43269.2,570,0.0
2025-04-29,17:00,29.3,30.0,1008.6,27731.7,600,0.0
2025-04-29,18:00,28.2,32.6,1008.5,5345.8,600,0.0
2025-04-29,19:00,22.0,45.5,1008.5,4129.2,530,0.0
2025-04-29,20:00,18.2,60.9,1008.6,2055.8,530,0.0
2025-04-29,21:00,14.8,70.9,1009.0,76.7,530,0.0
2025-04-29,22:00,14.1,69.8,1009.2,0.8,510,0.0
2025-04-29,23:00,13.2,69.9,1009.3,0.8,520,0.0
2025-04-30,01:00,11.1,80.4,1009.0,0.8,510,0.0
2025-04-30,02:00,10.5,79.4,1009.0,0.8,520,0.0
2025-04-30,03:00,10.2,80.0,1009.0,0.8,520,0.0
2025-04-30,04:00,11.8,75.1,1008.8,0.8,520,0.0
2025-04-30,05:00,12.1,75.8,1008.5,0.8,520,0.0
2025-04-30,06:00,11.4,78.5,1008.2,279.2,520,0.0
2025-04-30,07:00,13.5,73.1,1008.0,2437.5,530,0.0
2025-04-30,08:00,16.5,70.8,1008.2,4020.0,510,0.0
2025-04-30,09:00,18.3,65.0,1008.4,7362.5,530,0.0
2025-04-30,10:00,23.5,54.8,1008.1,28959.2,520,0.0
2025-04-30,11:00,25.0,46.6,1007.8,41576.7,540,0.0
2025-04-30,12:00,28.0,37.2,1007.1,46254.2,560,0.0
2025-04-30,13:00,28.5,34.6,1006.6,54292.5,580,0.0
2025-04-30,14:00,29.7,35.3,1006.2,49905.8,550,0.0
2025-04-30,15:00,30.5,30.6,1006.0,49653.3,530,0.0
2025-04-30,16:00,34.9,28.7,1005.5,42426.7,530,0.0
2025-04-30,17:00,31.7,29.0,1005.0,34742.5,550,0.0
2025-04-30,18:00,32.2,28.1,1004.9,21734.2,550,0.0
2025-04-30,19:00,22.6,43.0,1005.0,2653.3,530,0.0
2025-04-30,20:00,20.5,51.1,1004.8,1748.3,530,0.0
2025-04-30,21:00,17.5,62.0,1004.9,97.5,520,0.0
2025-04-30,22:00,16.0,65.0,1004.9,0.8,550,0.0
2025-04-30,23:00,15.4,66.1,1004.8,0.8,530,0.0
2025-05-01,01:00,13.1,74.6,1004.5,0.8,520,0.0
2025-05-01,02:00,16.6,57.6,1003.8,0.8,510,0.0
2025-05-01,03:00,16.6,54.6,1003.6,0.8,540,0.0
2025-05-01,04:00,16.3,53.4,1003.5,0.8,530,0.0
2025-05-01,05:00,14.6,58.6,1003.5,0.8,540,0.0
2025-05-01,06:00,13.3,64.4,1003.5,384.2,540,0.0
2025-05-01,07:00,14.4,64.6,1003.2,2334.2,560,0.0
2025-05-01,08:00,17.9,57.1,1003.2,3611.7,540,0.0
2025-05-01,09:00,20.0,49.7,1003.3,4778.3,550,0.0
2025-05-01,10:00,22.8,50.6,1003.4,31000.0,540,0.0
2025-05-01,11:00,23.2,50.6,1003.0,45358.3,560,0.0
2025-05-01,12:00,25.6,49.8,1002.8,52713.3,490,0.0
2025-05-01,13:00,25.1,51.2,1003.0,25755.0,560,0.0
2025-05-01,14:00,21.0,60.0,1003.6,18025.8,570,0.0
2025-05-01,15:00,24.0,53.4,1003.0,27387.5,560,0.0
2025-05-01,16:00,21.8,58.6,1002.8,19492.5,570,0.0
2025-05-01,17:00,19.9,63.9,1002.7,12360.0,1020,0.0
2025-05-01,18:00,18.7,65.8,1002.5,8021.7,1020,0.0
2025-05-01,19:00,16.7,73.2,1002.5,3350.8,1020,0.0
2025-05-01,20:00,14.3,79.3,1002.9,3176.7,1020,0.0
2025-05-01,21:00,12.4,82.5,1003.2,94.2,1020,0.0
2025-05-01,22:00,11.8,82.4,1003.8,0.8,1020,0.0
2025-05-01,23:00,11.3,81.9,1004.1,0.8,1020,0.0
2025-05-02,01:00,9.4,83.4,1004.4,0.8,1020,0.0
2025-05-02,02:00,8.2,88.3,1004.4,0.8,1020,0.0
2025-05-02,03:00,7.7,91.0,1004.4,0.8,1020,0.0
2025-05-02,04:00,7.4,90.6,1004.4,0.8,1020,0.0
2025-05-02,05:00,6.4,90.2,1004.4,0.8,1020,0.0
2025-05-02,06:00,6.3,91.6,1004.7,284.2,1020,0.0
2025-05-02,07:00,8.0,86.4,1004.8,3202.5,1020,0.0
2025-05-02,08:00,10.6,78.7,1005.0,7575.0,1020,0.0
2025-05-02,09:00,11.6,71.5,1005.4,13682.5,1020,0.0
2025-05-02,10:00,12.4,64.2,1005.7,21759.2,1020,0.0
2025-05-02,11:00,13.1,60.0,1006.0,30095.0,1020,0.0
2025-05-02,12:00,14.9,54.4,1006.1,30800.0,1020,0.0
2025-05-02,13:00,15.8,54.7,1006.1,26947.5,1020,0.0
2025-05-02,14:00,17.1,49.5,1005.8,54612.5,1020,0.0
2025-05-02,15:00,16.6,56.0,1005.3,12763.3,1020,0.0
2025-05-02,16:00,18.7,53.0,1005.0,49396.7,1020,0.0
2025-05-02,17:00,17.9,55.4,1004.5,21760.0,1020,0.0
2025-05-02,18:00,18.1,54.0,1004.2,19677.5,1020,0.0
2025-05-02,19:00,14.9,62.0,1004.6,2894.2,1020,0.0
2025-05-02,20:00,12.9,68.1,1004.7,1620.0,1020,0.0
2025-05-02,21:00,10.7,72.2,1005.0,151.7,1020,0.0
2025-05-02,22:00,8.6,81.1,1005.2,0.8,1020,0.0
2025-05-02,23:00,7.6,83.4,1005.1,0.8,1020,0.0
2025-05-03,01:00,5.8,88.4,1004.8,0.8,1020,0.0
2025-05-03,02:00,5.5,88.3,1004.6,0.8,1020,0.0
2025-05-03,03:00,5.9,88.2,1004.4,0.8,1020,0.0
2025-05-03,04:00,6.0,89.7,1004.2,0.8,1020,0.0
2025-05-03,05:00,7.2,90.5,1004.0,0.8,1020,0.0
2025-05-03,06:00,5.6,89.6,1003.9,496.7,1020,0.0
2025-05-03,07:00,8.0,83.4,1004.0,2619.2,1020,0.0
2025-05-03,08:00,10.4,76.8,1004.1,5764.2,1020,0.0
2025-05-03,09:00,10.7,74.9,1004.3,8245.0,1020,0.0
2025-05-03,10:00,15.3,64.5,1004.2,22331.7,1020,0.0
2025-05-03,11:00,14.3,67.0,1004.1,5876.7,1020,0.0
2025-05-03,12:00,16.0,59.7,1003.9,17284.2,1010,0.0
2025-05-03,13:00,17.9,57.1,1004.0,54612.5,1020,0.0
2025-05-03,14:00,16.8,58.9,1004.0,54612.5,1020,0.0
2025-05-03,15:00,18.1,48.0,1004.0,35995.0,1020,0.0
2025-05-03,16:00,17.3,47.7,1004.0,53134.2,1020,0.0
2025-05-03,17:00,23.4,34.4,1003.9,30839.2,1020,0.0
2025-05-03,18:00,16.7,48.6,1003.9,21886.7,1020,0.0
2025-05-03,19:00,13.2,57.3,1004.4,2876.7,1020,0.0
2025-05-03,20:00,12.0,61.1,1004.7,2309.2,1020,0.0
2025-05-03,21:00,10.6,67.3,1005.1,192.5,1020,0.0
2025-05-03,22:00,9.4,71.3,1005.4,0.8,1020,0.0
2025-05-03,23:00,7.9,75.7,1006.1,0.8,1020,0.0
2025-05-04,01:00,7.5,76.9,1006.7,0.8,1020,0.0
2025-05-04,02:00,5.8,82.6,1006.6,0.8,1020,0.0
2025-05-04,03:00,4.8,83.0,1006.5,0.8,1020,0.0
2025-05-04,04:00,2.9,88.5,1006.3,0.8,1020,0.0
2025-05-04,05:00,2.6,89.7,1006.4,0.8,1020,0.0
2025-05-04,06:00,2.9,89.1,1006.2,432.5,1020,0.0
2025-05-04,07:00,6.7,80.8,1006.1,2988.3,1020,0.0
2025-05-04,08:00,9.1,71.8,1006.5,6486.7,1020,0.0
2025-05-04,09:00,11.8,66.1,1006.8,13962.5,1020,0.0
2025-05-04,10:00,14.4,62.4,1006.9,18170.8,1020,0.0
2025-05-04,11:00,12.1,69.6,1007.2,18750.0,1020,0.0
2025-05-04,12:00,12.7,67.9,1007.7,18066.7,1020,0.0
2025-05-04,13:00,11.0,71.4,1008.2,11475.0,1020,0.0
2025-05-04,14:00,15.2,54.6,1008.3,14994.2,1020,0.0
2025-05-04,15:00,13.5,56.9,1008.4,23854.2,1020,0.0
2025-05-04,16:00,17.3,44.9,1008.6,43478.3,1020,0.0
2025-05-04,17:00,13.4,56.2,1008.7,13935.0,1020,0.0
2025-05-04,18:00,12.0,53.8,1009.0,11068.3,1020,0.0
2025-05-04,19:00,9.4,63.6,1008.8,2575.0,1020,0.0
2025-05-04,20:00,8.4,65.3,1009.1,1476.7,1020,0.0
2025-05-04,21:00,7.2,67.9,1009.4,161.7,1020,0.0
2025-05-04,22:00,5.2,73.6,1010.0,0.8,1020,0.0
2025-05-04,23:00,4.2,79.5,1010.3,0.8,1020,0.0
2025-05-05,01:00,3.7,82.5,1010.9,0.8,1020,0.0
2025-05-05,02:00,4.1,82.4,1010.8,0.8,1020,0.0
2025-05-05,03:00,6.4,80.2,1011.1,0.8,1020,0.0
2025-05-05,04:00,5.3,82.3,1011.3,0.8,1020,0.0
2025-05-05,05:00,5.3,81.4,1011.6,0.8,1020,0.0
2025-05-05,06:00,4.8,80.2,1011.8,533.3,1020,0.0
2025-05-05,07:00,6.2,76.2,1012.2,3544.2,1020,0.0
2025-05-05,08:00,9.6,63.1,1012.5,8775.0,1020,0.0
2025-05-05,09:00,10.7,61.0,1012.8,12265.8,1020,0.0
2025-05-05,10:00,14.8,50.7,1013.0,54612.5,1020,0.0
2025-05-05,11:00,14.5,51.8,1012.9,16900.8,1020,0.0
2025-05-05,12:00,14.3,49.6,1013.0,54612.5,1020,0.0
2025-05-05,13:00,14.0,48.6,1013.1,19302.5,1020,0.0
2025-05-05,14:00,15.4,46.6,1013.1,54612.5,1020,0.0
2025-05-05,15:00,20.1,39.8,1012.9,48014.2,1020,0.0
2025-05-05,16:00,19.9,40.3,1012.5,37001.7,1020,0.0
2025-05-05,17:00,20.8,34.7,1012.4,24814.2,1020,0.0
2025-05-05,18:00,19.0,39.0,1012.5,17923.3,1020,0.0
2025-05-05,19:00,10.4,57.9,1012.6,2437.5,1020,0.0
2025-05-05,20:00,8.9,63.9,1012.6,1502.5,1020,0.0
2025-05-05,21:00,7.0,68.6,1012.6,206.7,1020,0.0
2025-05-05,22:00,4.6,77.0,1012.7,0.8,1020,0.0
2025-05-05,23:00,3.8,75.9,1012.6,0.8,1020,0.0
2025-05-06,01:00,3.5,78.4,1012.5,0.8,1020,0.0
2025-05-06,02:00,3.7,77.5,1012.4,0.8,1020,0.0
2025-05-06,03:00,2.6,81.5,1012.6,0.8,1020,0.0
2025-05-06,04:00,2.1,82.1,1012.8,0.8,1020,0.0
2025-05-06,05:00,2.3,81.4,1012.4,1.7,1020,0.0
2025-05-06,06:00,1.9,83.6,1012.6,550.8,1020,0.0
2025-05-06,07:00,4.7,79.0,1012.8,2055.0,1020,0.0
2025-05-06,08:00,8.7,68.6,1012.9,2862.5,1020,0.0
2025-05-06,09:00,11.1,57.6,1013.0,24573.3,1020,0.0
2025-05-06,10:00,16.8,44.9,1013.0,43681.7,1020,0.0
2025-05-06,11:00,16.4,46.1,1013.2,49463.3,1020,0.0
2025-05-06,12:00,20.2,41.1,1013.1,54612.5,1020,0.0
2025-05-06,13:00,21.4,41.3,1012.7,54612.5,1020,0.0
2025-05-06,14:00,17.9,42.5,1012.5,54241.7,1020,0.0
2025-05-06,15:00,20.8,35.6,1012.3,42740.0,1020,0.0
2025-05-06,16:00,21.9,35.7,1012.1,34023.3,1020,0.0
2025-05-06,17:00,21.1,34.9,1012.0,22966.7,1020,0.0
2025-05-06,18:00,20.2,34.9,1011.8,15667.5,1020,0.0
2025-05-06,19:00,15.3,46.7,1011.7,3885.8,1020,0.0
2025-05-06,20:00,13.7,51.9,1011.7,2000.0,1020,0.0
2025-05-06,21:00,10.9,61.3,1012.0,184.2,1020,0.0
2025-05-06,22:00,9.1,66.7,1012.2,0.8,1020,0.0
2025-05-06,23:00,8.5,70.1,1012.1,0.8,1020,0.0
2025-05-07,01:00,8.5,69.9,1012.0,0.8,1020,0.0
2025-05-07,02:00,6.8,71.1,1012.2,0.8,1020,0.0
2025-05-07,03:00,5.6,75.8,1011.9,0.8,1020,0.0
2025-05-07,04:00,5.1,74.1,1011.8,0.8,1020,0.0
2025-05-07,05:00,5.5,69.7,1011.9,1.7,1020,0.0
2025-05-07,06:00,6.2,75.1,1012.0,545.8,1020,0.0
2025-05-07,07:00,8.8,73.6,1012.1,4477.5,1020,0.0
2025-05-07,08:00,13.4,66.5,1012.2,9407.5,1020,0.0
2025-05-07,09:00,14.9,62.0,1012.2,18924.2,1020,0.0
2025-05-07,10:00,21.9,42.6,1012.1,41150.8,1020,0.0
2025-05-07,11:00,17.9,47.4,1011.9,50615.0,1020,0.0
2025-05-07,12:00,23.4,43.5,1011.5,54612.5,1020,0.0
2025-05-07,13:00,22.2,47.3,1011.3,54612.5,1020,0.0
2025-05-07,14:00,21.3,48.9,1011.0,54186.7,1020,0.0
2025-05-07,15:00,23.5,42.3,1010.6,44452.5,1020,0.0
2025-05-07,16:00,21.6,42.1,1010.1,13855.0,1020,0.0
2025-05-07,17:00,24.3,39.2,1009.8,25112.5,1020,0.0
2025-05-07,18:00,22.6,44.7,1009.8,16900.0,1020,0.0
2025-05-07,19:00,14.3,62.0,1009.8,3430.8,1020,0.0
2025-05-07,20:00,12.6,65.4,1009.7,2055.0,1020,0.0
2025-05-07,21:00,11.1,70.7,1009.6,283.3,1020,0.0
2025-05-07,22:00,9.4,76.1,1009.3,0.8,1020,0.0
2025-05-07,23:00,8.0,78.6,1009.5,0.8,1020,0.0
2025-05-08,01:00,10.3,83.1,1009.1,0.8,1020,0.0
2025-05-08,02:00,7.5,85.3,1009.0,0.8,1020,0.0
2025-05-08,03:00,6.5,88.9,1008.3,0.8,1020,0.0
2025-05-08,04:00,7.6,86.2,1008.3,0.8,1020,0.0
2025-05-08,05:00,8.0,84.8,1007.9,2.5,1020,0.0
2025-05-08,06:00,6.3,89.8,1007.9,609.2,1020,0.0
2025-05-08,07:00,8.0,88.4,1008.1,2690.8,1020,0.0
2025-05-08,08:00,11.2,83.4,1008.3,7871.7,1020,0.0
2025-05-08,09:00,14.0,73.5,1008.5,17358.3,1020,0.0
2025-05-08,10:00,14.2,64.2,1008.7,18170.8,1020,0.0
2025-05-08,11:00,16.3,56.5,1008.8,51923.3,1020,0.0
2025-05-08,12:00,17.7,52.5,1008.7,38770.0,1020,0.0
2025-05-08,13:00,17.0,52.9,1008.7,20947.5,1020,0.0
2025-05-08,14:00,18.8,47.5,1008.8,54612.5,1020,0.0
2025-05-08,15:00,19.4,48.8,1008.7,23555.8,1020,0.0
2025-05-08,16:00,20.0,43.3,1008.4,36250.8,1020,0.0
2025-05-08,17:00,23.3,37.1,1008.3,25000.0,1020,0.0
2025-05-08,18:00,19.8,40.2,1008.1,13121.7,1020,0.0
2025-05-08,19:00,12.1,60.3,1007.9,2527.5,1020,0.0
2025-05-08,20:00,10.4,68.1,1007.7,1591.7,1020,0.0
2025-05-08,21:00,8.9,74.0,1008.0,311.7,1020,0.0
2025-05-08,22:00,6.5,80.3,1008.3,0.8,1020,0.0
2025-05-08,23:00,5.8,81.5,1008.0,0.8,1020,0.0
2025-05-09,01:00,5.7,82.6,1007.7,0.8,1020,0.0
2025-05-09,02:00,5.8,80.0,1007.2,0.8,1020,0.0
2025-05-09,03:00,5.3,81.7,1006.9,0.8,1020,0.0
2025-05-09,04:00,4.8,83.3,1007.0,0.8,1020,0.0
2025-05-09,05:00,5.0,84.0,1006.9,2.5,1020,0.0
2025-05-09,06:00,4.1,88.5,1007.1,740.0,1020,0.0
2025-05-09,07:00,6.5,82.9,1007.4,2449.2,1020,0.0
2025-05-09,08:00,10.2,74.0,1007.4,3501.7,1020,0.0
2025-05-09,09:00,15.6,57.5,1007.3,24756.7,1020,0.0
2025-05-09,10:00,21.4,45.3,1007.1,45109.2,1020,0.0
2025-05-09,11:00,18.4,57.4,1006.8,50897.5,1020,0.0
2025-05-09,12:00,16.7,60.6,1006.5,54612.5,1020,0.0
2025-05-09,13:00,18.7,57.4,1005.9,21718.3,1020,0.0
2025-05-09,14:00,17.2,56.8,1005.6,34217.5,1020,0.0
2025-05-09,15:00,20.9,46.1,1005.3,50719.2,1020,0.0
2025-05-09,16:00,28.9,34.0,1005.1,34696.7,1020,0.0
2025-05-09,17:00,23.9,38.9,1004.9,10272.5,1020,0.0
2025-05-09,18:00,29.4,32.0,1004.6,6762.5,1020,0.0
2025-05-09,19:00,16.2,49.5,1004.5,3017.5,1020,0.0
2025-05-09,20:00,14.1,54.1,1004.7,1905.0,1020,0.0
2025-05-09,21:00,11.8,52.4,1004.9,335.8,1020,0.0
2025-05-09,22:00,10.5,56.4,1005.1,0.8,1020,0.0
2025-05-09,23:00,9.3,54.2,1005.2,0.8,1020,0.0
2025-05-10,01:00,8.9,62.0,1005.2,0.8,1020,0.0
2025-05-10,02:00,7.9,67.6,1005.1,0.8,1020,0.0
2025-05-10,03:00,6.7,70.7,1005.0,0.8,1020,0.0
2025-05-10,04:00,5.9,76.8,1004.9,0.8,1020,0.0
2025-05-10,05:00,4.8,79.4,1004.6,3.3,1020,0.0
2025-05-10,06:00,6.0,75.3,1004.4,745.0,1020,0.0
2025-05-10,07:00,7.6,73.1,1004.3,2821.7,1020,0.0
2025-05-10,08:00,11.6,63.3,1004.3,4575.8,1020,0.0
2025-05-10,09:00,17.6,48.6,1004.2,24796.7,1020,0.0
2025-05-10,10:00,19.7,40.6,1003.9,44455.8,1020,0.0
2025-05-10,11:00,19.8,45.7,1003.5,15813.3,1020,0.0
2025-05-10,12:00,28.0,35.2,1002.7,54612.5,1020,0.0
2025-05-10,13:00,22.1,38.3,1002.4,18808.3,1020,0.0
2025-05-10,14:00,20.3,42.7,1001.9,54612.5,1020,0.0
2025-05-10,15:00,23.3,36.0,1001.5,14535.8,1020,0.0
2025-05-10,16:00,27.1,29.1,1001.0,35033.3,1020,0.0
2025-05-10,17:00,28.5,28.0,1000.5,23944.2,1020,0.0
2025-05-10,18:00,28.7,25.7,1000.3,14400.8,1020,0.0
2025-05-10,19:00,18.7,36.3,1000.1,2722.5,1020,0.0
2025-05-10,20:00,16.5,41.1,1000.1,1728.3,1020,0.0
2025-05-10,21:00,13.3,55.9,1000.4,355.0,1020,0.0
2025-05-10,22:00,10.6,65.0,1000.5,0.8,1020,0.0
2025-05-10,23:00,9.9,66.6,1000.4,0.8,1020,0.0
2025-05-11,01:00,9.1,67.7,999.9,0.8,1020,0.0
2025-05-11,02:00,8.9,68.0,999.9,0.8,1020,0.0
2025-05-11,03:00,8.8,68.4,999.6,0.8,1020,0.0
2025-05-11,04:00,7.6,73.3,999.1,0.8,1020,0.0
2025-05-11,05:00,8.0,72.4,998.6,4.2,1020,0.0
2025-05-11,06:00,9.0,69.8,998.3,941.7,1020,0.0
2025-05-11,07:00,11.3,65.7,998.0,3209.2,1020,0.0
2025-05-11,08:00,13.8,59.0,997.9,5800.0,1020,0.0
2025-05-11,09:00,18.7,49.1,997.7,24689.2,1020,0.0
2025-05-11,10:00,21.5,41.4,997.7,42124.2,1020,0.0
2025-05-11,11:00,26.0,34.3,997.5,54612.5,1020,0.0
2025-05-11,12:00,24.3,37.0,997.2,54612.5,1020,0.0
2025-05-11,13:00,23.8,35.0,997.0,21973.3,1020,0.0
2025-05-11,14:00,24.5,37.3,996.7,25358.3,1020,0.0
2025-05-11,15:00,24.7,36.2,996.6,29226.7,1020,0.0
2025-05-11,16:00,23.8,36.7,996.3,14670.8,1020,0.0
2025-05-11,17:00,20.1,41.6,996.4,10109.2,1020,0.0
2025-05-11,18:00,19.0,44.4,996.4,6730.8,1020,0.0
2025-05-11,19:00,18.1,47.9,996.4,3169.2,1020,0.0
2025-05-11,20:00,13.8,74.5,996.4,1260.8,510,0.0
2025-05-11,21:00,13.1,77.9,996.6,193.3,450,0.0
2025-05-11,22:00,12.5,80.4,997.1,0.8,990,0.0
2025-05-11,23:00,12.4,83.9,997.6,0.8,610,0.0
2025-05-12,01:00,12.1,89.9,997.1,0.8,360,0.0
2025-05-12,02:00,10.5,95.9,996.7,0.8,480,0.0
2025-05-12,03:00,10.4,94.9,996.5,0.8,790,0.0
2025-05-12,04:00,10.0,95.1,996.8,0.8,880,0.0
2025-05-12,05:00,9.9,95.0,996.7,4.2,990,0.0
2025-05-12,06:00,10.1,94.7,996.8,580.0,990,0.0
2025-05-12,07:00,9.9,95.4,997.0,2310.8,1000,0.0
2025-05-12,08:00,11.2,90.8,997.4,3279.2,1010,0.0
2025-05-12,09:00,11.2,91.9,997.5,4765.8,550,0.0
2025-05-12,10:00,12.3,91.6,997.9,5282.5,640,0.0
2025-05-12,11:00,14.8,81.5,997.9,14325.8,930,0.0
2025-05-12,12:00,14.8,79.8,997.9,10922.5,990,0.0
2025-05-12,13:00,20.1,64.9,998.0,29251.7,1020,0.0
2025-05-12,14:00,22.7,59.5,998.1,33234.2,1020,0.0
2025-05-12,15:00,25.7,54.4,998.3,45770.0,1020,0.0
2025-05-12,16:00,24.3,57.6,998.4,36766.7,1020,0.0
2025-05-12,17:00,27.9,44.1,998.6,25586.7,1020,0.0
2025-05-12,18:00,27.7,43.2,998.8,13058.3,1020,0.0
2025-05-12,19:00,18.6,65.6,999.2,3647.5,1020,0.0
2025-05-12,20:00,17.7,69.5,999.9,4421.7,1020,0.0
2025-05-12,21:00,12.8,94.7,1000.7,63.3,310,0.0
2025-05-12,22:00,11.6,93.6,1000.5,0.8,430,0.0
2025-05-12,23:00,10.8,94.1,1001.2,0.8,380,0.0
2025-05-13,01:00,10.4,94.9,1001.6,0.8,520,0.0
2025-05-13,02:00,10.2,94.3,1002.1,0.8,760,0.0
2025-05-13,03:00,10.2,97.3,1002.1,0.8,920,0.0
2025-05-13,04:00,9.4,98.2,1002.5,0.8,920,0.0
2025-05-13,05:00,8.9,98.6,1002.9,5.8,740,0.0
2025-05-13,06:00,9.0,97.7,1003.6,815.8,740,0.0
2025-05-13,07:00,11.3,96.1,1004.3,2924.2,650,0.0
2025-05-13,08:00,13.7,90.7,1004.5,5013.3,710,0.0
2025-05-13,09:00,20.2,70.4,1005.0,22338.3,760,0.0
2025-05-13,10:00,20.0,66.8,1005.4,42388.3,830,0.0
2025-05-13,11:00,20.8,62.6,1005.8,50593.3,870,0.0
2025-05-13,12:00,21.0,60.0,1006.1,54612.5,990,0.0
2025-05-13,13:00,23.7,49.7,1006.3,54612.5,990,0.0
2025-05-13,14:00,25.0,44.6,1006.2,53917.5,990,0.0
2025-05-13,15:00,24.1,43.2,1006.0,44943.3,980,0.0
2025-05-13,16:00,25.5,38.6,1006.1,36908.3,870,0.0
2025-05-13,17:00,24.9,34.4,1006.1,25525.8,960,0.0
2025-05-13,18:00,26.4,31.9,1005.8,13150.8,960,0.0
2025-05-13,19:00,18.2,49.7,1005.7,2959.2,980,0.0
2025-05-13,20:00,16.7,55.2,1005.6,1935.0,980,0.0
2025-05-13,21:00,14.8,63.2,1005.9,477.5,980,0.0
2025-05-13,22:00,12.3,73.5,1006.3,1.7,1000,0.0
2025-05-13,23:00,11.5,74.7,1006.6,0.8,1000,0.0
2025-05-14,01:00,11.1,76.9,1006.6,0.8,990,0.0
2025-05-14,02:00,9.4,83.4,1006.5,0.8,1000,0.0
2025-05-14,03:00,8.9,86.2,1006.7,0.8,1020,0.0
2025-05-14,04:00,8.9,90.3,1006.8,0.8,1020,0.0
2025-05-14,05:00,8.0,91.6,1007.0,7.5,1000,0.0
2025-05-14,06:00,8.8,94.0,1007.3,802.5,970,0.0
2025-05-14,07:00,11.0,88.6,1008.1,2993.3,870,0.0
2025-05-14,08:00,13.3,82.2,1008.4,5080.8,880,0.0
2025-05-14,09:00,17.9,65.2,1008.6,23437.5,890,0.0
2025-05-14,10:00,19.4,58.3,1009.1,41804.2,890,0.0
2025-05-14,11:00,18.5,62.6,1009.1,52070.0,900,0.0
2025-05-14,12:00,19.4,59.0,1009.5,54612.5,910,0.0
2025-05-14,13:00,19.0,61.7,1009.6,54612.5,900,0.0
2025-05-14,14:00,19.1,61.6,1009.8,53042.5,900,0.0
2025-05-14,15:00,23.3,49.7,1009.9,44546.7,900,0.0
2025-05-14,16:00,23.9,43.7,1010.0,36263.3,900,0.0
2025-05-14,17:00,26.2,40.1,1009.9,25733.3,900,0.0
2025-05-14,18:00,25.4,41.2,1009.9,13075.8,900,0.0
2025-05-14,19:00,16.2,63.7,1010.1,4079.2,900,0.0
2025-05-14,20:00,14.4,70.1,1010.2,2166.7,920,0.0
2025-05-14,21:00,12.2,77.1,1010.6,467.5,1020,0.0
2025-05-14,22:00,10.5,79.5,1011.2,1.7,1020,0.0
2025-05-14,23:00,8.9,85.3,1011.3,0.8,1020,0.0
2025-05-15,01:00,8.7,86.9,1011.4,0.8,1020,0.0
2025-05-15,02:00,8.2,88.5,1011.6,0.8,1020,0.0
2025-05-15,03:00,8.0,92.3,1011.4,0.8,1020,0.0
2025-05-15,04:00,8.1,92.5,1011.6,0.8,1020,0.0
2025-05-15,05:00,7.7,92.5,1011.8,8.3,1010,0.0
2025-05-15,06:00,7.7,95.2,1012.1,844.2,1020,0.0
2025-05-15,07:00,10.7,91.2,1012.9,2290.0,1020,0.0
2025-05-15,08:00,12.6,78.4,1013.2,3734.2,1020,0.0
2025-05-15,09:00,17.6,63.1,1013.6,23534.2,1020,0.0
2025-05-15,10:00,19.9,50.8,1013.7,43185.8,1020,0.0
2025-05-15,11:00,20.8,53.2,1013.9,52683.3,1010,0.0
2025-05-15,12:00,20.6,52.9,1014.1,54612.5,1020,0.0
2025-05-15,13:00,20.7,42.3,1014.4,54561.7,1020,0.0
2025-05-15,14:00,21.2,43.9,1014.2,51855.0,1020,0.0
2025-05-15,15:00,24.4,35.1,1014.2,43003.3,1020,0.0
2025-05-15,16:00,25.3,34.1,1014.1,35662.5,1020,0.0
2025-05-15,17:00,27.3,29.6,1013.9,26332.5,1020,0.0
2025-05-15,18:00,28.1,27.8,1013.7,13581.7,1020,0.0
2025-05-15,19:00,16.6,44.4,1013.7,2378.3,1020,0.0
2025-05-15,20:00,14.7,55.2,1013.8,1680.0,1020,0.0
2025-05-15,21:00,12.8,64.3,1013.9,541.7,1020,0.0
2025-05-15,22:00,10.8,68.8,1014.4,1.7,1020,0.0
2025-05-15,23:00,9.7,75.2,1014.2,0.8,1020,0.0
2025-05-16,01:00,8.7,82.5,1014.3,0.8,1020,0.0
2025-05-16,02:00,8.3,84.8,1014.1,0.8,1020,0.0
2025-05-16,03:00,7.5,86.4,1014.1,0.8,1020,0.0
2025-05-16,04:00,7.8,89.7,1014.0,0.8,1020,0.0
2025-05-16,05:00,7.2,92.4,1014.3,14.2,1020,0.0
2025-05-16,06:00,7.1,92.0,1014.5,1015.0,1020,0.0
2025-05-16,07:00,10.3,89.6,1014.8,2728.3,1020,0.0
2025-05-16,08:00,13.0,81.5,1015.0,8938.3,1020,0.0
2025-05-16,09:00,15.7,69.1,1015.1,22901.7,1020,0.0
2025-05-16,10:00,17.3,62.5,1015.1,44480.8,1020,0.0
2025-05-16,11:00,18.7,56.0,1015.0,52871.7,1020,0.0
2025-05-16,12:00,21.0,53.3,1015.2,54612.5,1020,0.0
2025-05-16,13:00,19.5,54.6,1014.9,54612.5,1020,0.0
2025-05-16,14:00,19.7,48.4,1014.8,54612.5,1020,0.0
2025-05-16,15:00,21.8,42.7,1014.6,46430.8,1020,0.0
2025-05-16,16:00,24.9,33.3,1014.3,36275.0,1020,0.0
2025-05-16,17:00,28.2,26.9,1013.9,26800.8,1020,0.0
2025-05-16,18:00,29.5,24.7,1013.5,13827.5,1020,0.0
2025-05-16,19:00,18.2,32.7,1013.3,2449.2,1020,0.0
2025-05-16,20:00,16.1,37.6,1012.9,1701.7,1020,0.0
2025-05-16,21:00,13.7,49.6,1013.0,572.5,1020,0.0
2025-05-16,22:00,11.2,52.0,1013.0,2.5,1020,0.0
2025-05-16,23:00,10.3,48.7,1012.9,0.8,1020,0.0
2025-05-17,01:00,9.5,58.0,1012.8,0.8,1020,0.0
2025-05-17,02:00,9.5,62.2,1012.3,0.8,1020,0.0
2025-05-17,03:00,9.2,69.8,1012.1,0.8,1020,0.0
2025-05-17,04:00,8.6,72.7,1011.6,0.8,1020,0.0
2025-05-17,05:00,8.2,72.8,1011.5,18.3,1020,0.0
2025-05-17,06:00,8.4,77.4,1011.5,1042.5,1020,0.0
2025-05-17,07:00,11.1,74.6,1011.4,2380.0,1020,0.0
2025-05-17,08:00,13.7,71.5,1011.4,3035.8,1020,0.0
2025-05-17,09:00,18.4,58.0,1011.3,24245.8,1020,0.0
2025-05-17,10:00,19.7,56.8,1011.2,43468.3,1020,0.0
2025-05-17,11:00,21.9,47.2,1011.3,52741.7,1010,0.0
2025-05-17,12:00,21.8,45.5,1011.3,54612.5,1020,0.0
2025-05-17,13:00,22.5,45.9,1011.0,54612.5,1020,0.0
2025-05-17,14:00,22.8,47.0,1010.8,54612.5,1020,0.0
2025-05-17,15:00,24.4,44.7,1010.5,46218.3,1020,0.0
2025-05-17,16:00,25.1,38.9,1010.1,36630.8,1020,0.0
2025-05-17,17:00,27.2,35.2,1009.9,26068.3,1020,0.0
2025-05-17,18:00,25.2,35.1,1009.5,13992.5,1020,0.0
2025-05-17,19:00,16.4,57.7,1009.1,2557.5,1020,0.0
2025-05-17,20:00,14.6,63.9,1008.8,1738.3,1020,0.0
2025-05-17,21:00,13.3,68.7,1008.9,600.0,1020,0.0
2025-05-17,22:00,11.0,76.6,1009.2,2.5,1020,0.0
2025-05-17,23:00,10.1,83.0,1009.3,0.8,1020,0.0
2025-05-18,01:00,10.6,80.6,1009.3,0.8,1020,0.0
2025-05-18,02:00,9.9,81.1,1009.2,0.8,1020,0.0
2025-05-18,03:00,8.3,86.6,1008.9,0.8,1020,0.0
2025-05-18,04:00,8.5,88.5,1008.5,0.8,1020,0.0
2025-05-18,05:00,8.5,87.6,1008.3,20.0,1020,0.0
2025-05-18,06:00,9.2,85.2,1008.2,1151.7,1020,0.0
2025-05-18,07:00,11.4,83.6,1008.5,2759.2,1020,0.0
2025-05-18,08:00,14.6,77.6,1008.2,4745.0,1020,0.0
2025-05-18,09:00,20.1,60.7,1008.3,27140.8,1020,0.0
2025-05-18,10:00,21.9,48.4,1008.3,44917.5,1020,0.0
2025-05-18,11:00,22.7,54.1,1008.5,53548.3,1020,0.0
2025-05-18,12:00,21.8,53.1,1008.3,54612.5,1020,0.0
2025-05-18,13:00,20.0,51.2,1008.1,54612.5,1020,0.0
2025-05-18,14:00,22.4,51.5,1007.6,54612.5,1020,0.0
2025-05-18,15:00,24.9,44.0,1007.4,44456.7,1020,0.0
2025-05-18,16:00,26.3,41.1,1007.2,36661.7,1020,0.0
2025-05-18,17:00,26.6,40.1,1006.7,26230.0,1020,0.0
2025-05-18,18:00,28.1,33.7,1006.2,13890.0,1020,0.0
2025-05-18,19:00,17.7,51.7,1006.0,2531.7,1020,0.0
2025-05-18,20:00,15.3,62.1,1005.8,1848.3,1020,0.0
2025-05-18,21:00,14.2,62.0,1005.7,756.7,1020,0.0
2025-05-18,22:00,12.3,69.3,1005.8,4.2,1020,0.0
2025-05-18,23:00,11.3,73.9,1005.9,0.8,1020,0.0
2025-05-19,01:00,9.4,80.5,1006.0,0.8,1020,0.0
2025-05-19,02:00,9.3,80.3,1005.7,0.8,1020,0.0
2025-05-19,03:00,9.2,81.9,1005.7,0.8,1020,0.0
2025-05-19,04:00,8.5,84.6,1005.7,0.8,1020,0.0
2025-05-19,05:00,8.2,88.0,1005.8,25.8,1020,0.0
2025-05-19,06:00,8.7,87.5,1006.0,1100.0,1020,0.0
2025-05-19,07:00,11.9,85.7,1006.5,4324.2,1020,0.0
2025-05-19,08:00,12.2,83.3,1007.0,4852.5,1020,0.0
2025-05-19,09:00,13.0,77.8,1007.6,7271.7,1020,0.0
2025-05-19,10:00,15.0,70.1,1007.9,13418.3,1020,0.0
2025-05-19,11:00,12.8,76.5,1008.1,6943.3,1020,0.0
2025-05-19,12:00,13.6,71.1,1008.4,11175.8,1020,0.0
2025-05-19,13:00,17.0,58.6,1008.0,30003.3,1020,0.0
2025-05-19,14:00,17.7,56.2,1008.0,29960.0,1020,0.0
2025-05-19,15:00,21.1,48.8,1007.9,44130.0,1020,0.0
2025-05-19,16:00,22.2,42.7,1007.8,32617.5,1020,0.0
2025-05-19,17:00,20.9,45.2,1007.5,12105.0,1020,0.0
2025-05-19,18:00,24.1,37.6,1007.3,15845.0,1020,0.0
2025-05-19,19:00,15.4,56.9,1007.5,5683.3,1020,0.0
2025-05-19,20:00,12.4,66.7,1007.6,2597.5,1020,0.0
2025-05-19,21:00,10.4,71.8,1007.7,570.8,1020,0.0
2025-05-19,22:00,8.6,79.4,1008.0,4.2,1020,0.0
2025-05-19,23:00,7.6,84.0,1008.0,0.8,1020,0.0
2025-05-20,01:00,6.1,88.3,1007.7,0.8,1020,0.0
2025-05-20,02:00,6.3,89.7,1007.8,0.8,1010,0.0
2025-05-20,03:00,6.8,90.4,1007.6,0.8,1020,0.0
2025-05-20,04:00,9.4,85.2,1007.5,0.8,1020,0.0
2025-05-20,05:00,10.2,83.9,1007.6,12.5,1020,0.0
2025-05-20,06:00,10.6,83.0,1007.5,717.5,1020,0.0
2025-05-20,07:00,11.6,79.5,1008.2,2755.8,1020,0.0
2025-05-20,08:00,13.2,76.3,1008.4,7054.2,1020,0.0
2025-05-20,09:00,13.8,74.9,1008.5,4933.3,1020,0.0
2025-05-20,10:00,18.0,62.8,1008.5,13071.7,1020,0.0
2025-05-20,11:00,17.5,65.4,1008.6,16019.2,1020,0.0
2025-05-20,12:00,18.1,64.2,1008.3,15586.7,1020,0.0
2025-05-20,13:00,19.0,59.0,1007.9,18902.5,1020,0.0
2025-05-20,14:00,20.0,58.4,1007.4,21126.7,1020,0.0
2025-05-20,15:00,14.2,90.7,1007.4,3990.8,250,0.0
2025-05-20,16:00,13.3,93.3,1007.4,5911.7,670,0.0
2025-05-20,17:00,11.5,97.7,1007.6,1310.0,800,0.0
2025-05-20,18:00,9.9,100,1008.0,3212.5,600,0.0
2025-05-20,19:00,9.9,100,1007.7,1670.8,370,0.0
2025-05-20,20:00,10.1,94.2,1006.3,3656.7,670,0.0
2025-05-20,21:00,10.1,94.0,1006.3,723.3,1020,0.0
2025-05-20,22:00,9.7,96.9,1006.7,5.0,1020,0.0
2025-05-20,23:00,10.3,95.1,1006.6,0.8,1020,0.0
2025-05-21,01:00,9.8,95.7,1006.3,0.8,240,0.0
2025-05-21,02:00,9.5,98.7,1006.0,0.8,240,0.0
2025-05-21,03:00,9.5,97.4,1005.6,0.8,220,0.0
2025-05-21,04:00,8.2,99.7,1005.5,0.8,240,0.0
2025-05-21,05:00,7.7,100,1005.3,31.7,470,0.0
2025-05-21,06:00,8.6,100,1005.5,1153.3,450,0.0
2025-05-21,07:00,10.0,98.4,1005.8,2848.3,380,0.0
2025-05-21,08:00,12.4,90.9,1005.9,3620.0,340,0.0
2025-05-21,09:00,15.2,80.0,1006.5,37439.2,310,0.0
2025-05-21,10:00,21.2,56.2,1006.4,45494.2,350,0.0
2025-05-21,11:00,19.7,58.4,1006.6,51224.2,320,0.0
2025-05-21,12:00,21.4,58.7,1006.4,54612.5,310,0.0
2025-05-21,13:00,22.5,53.6,1006.5,54612.5,320,0.0
2025-05-21,14:00,25.8,45.1,1006.2,54612.5,310,0.0
2025-05-21,15:00,25.7,42.1,1005.9,52045.0,310,0.0
2025-05-21,16:00,29.5,35.1,1005.6,32635.0,320,0.0
2025-05-21,17:00,29.5,32.3,1005.3,31562.5,320,0.0
2025-05-21,18:00,22.4,47.8,1005.1,18071.7,320,0.0
2025-05-21,19:00,20.8,46.1,1005.0,4475.8,320,0.0
2025-05-21,20:00,19.8,50.4,1004.9,2531.7,310,0.0
2025-05-21,21:00,17.9,50.8,1005.1,778.3,310,0.0
2025-05-21,22:00,15.4,53.6,1005.8,6.7,310,0.0
2025-05-21,23:00,14.1,51.1,1006.1,0.8,310,0.0
2025-05-22,01:00,11.1,74.7,1006.1,0.8,310,0.0
2025-05-22,02:00,10.1,83.7,1005.9,0.8,310,0.0
2025-05-22,03:00,9.5,88.4,1006.1,0.8,310,0.0
2025-05-22,04:00,8.2,89.5,1006.1,0.8,320,0.0
2025-05-22,05:00,7.9,92.6,1006.0,37.5,360,0.0
2025-05-22,06:00,8.9,90.3,1006.5,1666.7,360,0.0
2025-05-22,07:00,9.2,90.4,1006.7,2584.2,480,0.0
2025-05-22,08:00,10.9,84.0,1006.9,7487.5,530,0.0
2025-05-22,09:00,14.2,74.4,1007.1,13348.3,520,0.0
2025-05-22,10:00,15.8,67.8,1007.1,25045.8,540,0.0
2025-05-22,11:00,18.4,57.8,1007.2,17958.3,510,0.0
2025-05-22,12:00,19.8,55.7,1007.2,54612.5,490,0.0
2025-05-22,13:00,21.8,49.4,1007.1,54612.5,490,0.0
2025-05-22,14:00,20.5,51.1,1007.1,54612.5,490,0.0
2025-05-22,15:00,21.6,51.3,1007.0,51402.5,490,0.0
2025-05-22,16:00,25.2,44.8,1007.1,41868.3,510,0.0
2025-05-22,17:00,27.7,39.4,1006.8,26325.0,500,0.0
2025-05-22,18:00,25.7,40.7,1006.6,17852.5,490,0.0
2025-05-22,19:00,16.2,63.9,1006.6,3421.7,520,0.0
2025-05-22,20:00,14.7,69.7,1006.7,2205.8,490,0.0
2025-05-22,21:00,12.3,75.9,1006.6,817.5,480,0.0
2025-05-22,22:00,10.5,81.7,1006.9,7.5,480,0.0
2025-05-22,23:00,9.8,84.5,1006.7,0.8,480,0.0
2025-05-23,01:00,8.3,89.9,1006.6,0.8,520,0.0
2025-05-23,02:00,8.0,91.7,1006.4,0.8,540,0.0
2025-05-23,03:00,8.9,91.5,1005.9,0.8,580,0.0
2025-05-23,04:00,10.3,85.9,1005.6,0.8,920,0.0
2025-05-23,05:00,9.5,88.1,1005.3,51.7,950,0.0
2025-05-23,06:00,9.8,86.9,1005.1,1323.3,960,0.0
2025-05-23,07:00,11.2,80.9,1005.0,3565.0,980,0.0
2025-05-23,08:00,13.3,72.4,1005.1,8725.0,1000,0.0
2025-05-23,09:00,16.1,55.9,1005.1,21764.2,1000,0.0
2025-05-23,10:00,17.4,56.4,1005.1,42921.7,1000,0.0
2025-05-23,11:00,20.3,41.7,1004.7,40632.5,1000,0.0
2025-05-23,12:00,21.9,41.8,1004.4,45800.0,1000,0.0
2025-05-23,13:00,21.2,48.1,1003.9,26566.7,1010,0.0
2025-05-23,14:00,19.5,58.6,1003.8,19995.0,1010,0.0
2025-05-23,15:00,17.5,72.2,1003.4,20404.2,610,0.0
2025-05-23,16:00,16.8,80.9,1002.8,16196.7,260,0.0
2025-05-23,17:00,15.7,89.7,1002.3,10323.3,240,0.0
2025-05-23,18:00,15.6,91.2,1001.9,5508.3,250,0.0
2025-05-23,19:00,15.3,93.1,1001.3,3262.5,370,0.0
2025-05-23,20:00,15.6,92.3,1000.5,3305.0,870,0.0
2025-05-23,21:00,15.8,91.9,1000.2,770.0,820,0.0
2025-05-23,22:00,15.6,93.7,999.8,7.5,830,0.0
